vendor_id,passenger_count,store_and_fwd_flag,distance_km,log_trip_duration
1,930.3997532751514,0,1.5004789467430026,6.1224928095143865
0,930.3997532751514,0,1.807119412113964,6.498282149476434
1,930.3997532751514,0,1.1899254482788029,6.077642243349034
1,1061.35522313947,0,1.1001071911011966,6.095824562432225
0,1053.5297493310802,0,1.3278523894831542,5.834810737062605
1,930.3997532751514,0,5.722426850861645,7.347299700743164
0,930.3997532751514,0,1.311541055213959,5.545177444479562
1,930.3997532751514,0,5.126939275009514,7.111512116496157
